epoch,max_epoch,loss,dice,bce,edge,lr
0,500,1.9171,0.9995,0.0411,0.8764,0.0
1,500,0.4982,0.4759,0.0049,0.0174,1.72e-06
2,500,0.3101,0.3045,0.0039,0.0018,3.44e-06
3,500,0.2729,0.2684,0.0032,0.0014,5.15e-06
4,500,0.244,0.24,0.0029,0.0011,6.87e-06
5,500,0.2209,0.2175,0.0025,0.0009,6.87e-06
6,500,0.2086,0.2054,0.0023,0.0009,6.87e-06
7,500,0.1989,0.1959,0.0022,0.0008,6.87e-06
8,500,0.1923,0.1893,0.0022,0.0008,6.87e-06
9,500,0.1889,0.186,0.002,0.0008,6.87e-06
10,500,0.182,0.1793,0.002,0.0008,6.87e-06
11,500,0.1783,0.1756,0.0019,0.0008,6.87e-06
12,500,0.1725,0.1699,0.0019,0.0008,6.87e-06
13,500,0.1706,0.1679,0.0019,0.0008,6.87e-06
14,500,0.1657,0.1631,0.0019,0.0008,6.87e-06
15,500,0.1626,0.16,0.0018,0.0008,6.86e-06
16,500,0.1619,0.1593,0.0018,0.0008,6.86e-06
17,500,0.1587,0.1561,0.0018,0.0008,6.86e-06
18,500,0.1581,0.1556,0.0017,0.0008,6.86e-06
19,500,0.1568,0.1543,0.0017,0.0008,6.86e-06
20,500,0.1566,0.1541,0.0018,0.0008,6.85e-06
21,500,0.1541,0.1516,0.0017,0.0008,6.85e-06
22,500,0.1513,0.1489,0.0017,0.0008,6.85e-06
23,500,0.1484,0.146,0.0017,0.0007,6.85e-06
24,500,0.1477,0.1453,0.0016,0.0007,6.84e-06
25,500,0.1459,0.1436,0.0016,0.0007,6.84e-06
26,500,0.146,0.1436,0.0016,0.0008,6.84e-06
27,500,0.1453,0.1429,0.0016,0.0007,6.84e-06
28,500,0.1444,0.142,0.0017,0.0007,6.83e-06
29,500,0.1423,0.1399,0.0016,0.0007,6.83e-06
30,500,0.1414,0.1391,0.0016,0.0007,6.83e-06
31,500,0.1399,0.1376,0.0016,0.0007,6.82e-06
32,500,0.141,0.1386,0.0016,0.0007,6.82e-06
33,500,0.1385,0.1362,0.0016,0.0007,6.81e-06
34,500,0.1379,0.1356,0.0016,0.0007,6.81e-06
35,500,0.1374,0.1351,0.0016,0.0007,6.81e-06
36,500,0.1375,0.1353,0.0015,0.0007,6.8e-06
37,500,0.1359,0.1336,0.0016,0.0007,6.8e-06
38,500,0.1345,0.1322,0.0015,0.0007,6.79e-06
39,500,0.1349,0.1327,0.0015,0.0007,6.79e-06
40,500,0.1339,0.1316,0.0015,0.0007,6.78e-06
41,500,0.1328,0.1306,0.0015,0.0007,6.78e-06
42,500,0.1317,0.1295,0.0015,0.0007,6.77e-06
43,500,0.1308,0.1286,0.0015,0.0007,6.77e-06
44,500,0.1307,0.1284,0.0015,0.0007,6.76e-06
45,500,0.1296,0.1275,0.0015,0.0007,6.76e-06
46,500,0.1294,0.1272,0.0015,0.0007,6.75e-06
47,500,0.1296,0.1274,0.0015,0.0007,6.75e-06
48,500,0.129,0.1269,0.0015,0.0007,6.74e-06
49,500,0.1286,0.1264,0.0015,0.0007,6.73e-06
50,500,0.1275,0.1253,0.0014,0.0007,6.73e-06
51,500,0.1267,0.1245,0.0015,0.0007,6.72e-06
52,500,0.1263,0.1242,0.0014,0.0007,6.72e-06
53,500,0.1267,0.1246,0.0015,0.0007,6.71e-06
54,500,0.1257,0.1236,0.0014,0.0007,6.7e-06
55,500,0.1258,0.1237,0.0014,0.0007,6.7e-06
56,500,0.1255,0.1234,0.0014,0.0007,6.69e-06
57,500,0.1247,0.1225,0.0014,0.0007,6.68e-06
58,500,0.1236,0.1215,0.0014,0.0007,6.68e-06
59,500,0.1238,0.1217,0.0014,0.0007,6.67e-06
60,500,0.1237,0.1216,0.0014,0.0007,6.66e-06
61,500,0.1232,0.1211,0.0014,0.0007,6.65e-06
62,500,0.1226,0.1205,0.0014,0.0007,6.65e-06
63,500,0.1211,0.119,0.0014,0.0007,6.64e-06
64,500,0.1211,0.119,0.0014,0.0007,6.63e-06
65,500,0.1212,0.1191,0.0014,0.0007,6.62e-06
66,500,0.1208,0.1187,0.0014,0.0007,6.61e-06
67,500,0.1203,0.1183,0.0014,0.0007,6.6e-06
68,500,0.1198,0.1177,0.0014,0.0007,6.6e-06
69,500,0.1204,0.1183,0.0014,0.0007,6.59e-06
70,500,0.1189,0.1168,0.0013,0.0007,6.58e-06
71,500,0.1187,0.1167,0.0014,0.0007,6.57e-06
72,500,0.1188,0.1168,0.0013,0.0007,6.56e-06
73,500,0.1175,0.1154,0.0014,0.0007,6.55e-06
74,500,0.1173,0.1153,0.0014,0.0007,6.54e-06
75,500,0.1178,0.1157,0.0013,0.0007,6.53e-06
76,500,0.1174,0.1154,0.0013,0.0007,6.52e-06
77,500,0.1167,0.1147,0.0013,0.0007,6.51e-06
78,500,0.117,0.1149,0.0013,0.0007,6.51e-06
79,500,0.1169,0.1149,0.0013,0.0007,6.5e-06
80,500,0.1169,0.1148,0.0013,0.0007,6.49e-06
81,500,0.1164,0.1144,0.0013,0.0007,6.48e-06
82,500,0.1167,0.1147,0.0013,0.0007,6.47e-06
83,500,0.1167,0.1147,0.0013,0.0007,6.46e-06
84,500,0.1159,0.1139,0.0013,0.0007,6.44e-06
85,500,0.1155,0.1134,0.0013,0.0007,6.43e-06
86,500,0.115,0.113,0.0013,0.0007,6.42e-06
87,500,0.1148,0.1128,0.0013,0.0007,6.41e-06
88,500,0.1145,0.1125,0.0013,0.0007,6.4e-06
89,500,0.1141,0.1122,0.0013,0.0007,6.39e-06
90,500,0.1142,0.1123,0.0013,0.0007,6.38e-06
91,500,0.1144,0.1124,0.0013,0.0007,6.37e-06
92,500,0.1136,0.1116,0.0013,0.0007,6.36e-06
93,500,0.1129,0.1109,0.0013,0.0007,6.35e-06
94,500,0.1138,0.1118,0.0013,0.0007,6.33e-06
95,500,0.113,0.111,0.0013,0.0007,6.32e-06
96,500,0.1138,0.1118,0.0013,0.0007,6.31e-06
97,500,0.1128,0.1108,0.0013,0.0007,6.3e-06
98,500,0.1112,0.1092,0.0013,0.0007,6.29e-06
99,500,0.1127,0.1107,0.0013,0.0007,6.27e-06
100,500,0.1128,0.1108,0.0013,0.0007,6.26e-06
101,500,0.1121,0.1101,0.0013,0.0007,6.25e-06
102,500,0.1112,0.1092,0.0013,0.0007,6.24e-06
103,500,0.1108,0.1089,0.0013,0.0007,6.23e-06
104,500,0.1124,0.1104,0.0013,0.0007,6.21e-06
105,500,0.1114,0.1095,0.0012,0.0007,6.2e-06
106,500,0.1109,0.1089,0.0013,0.0007,6.19e-06
107,500,0.1103,0.1083,0.0012,0.0007,6.17e-06
108,500,0.1108,0.1089,0.0013,0.0007,6.16e-06
109,500,0.1101,0.1082,0.0012,0.0007,6.15e-06
110,500,0.1098,0.1079,0.0013,0.0007,6.13e-06
111,500,0.1102,0.1082,0.0012,0.0007,6.12e-06
112,500,0.1106,0.1087,0.0012,0.0007,6.11e-06
113,500,0.1097,0.1078,0.0012,0.0007,6.09e-06
114,500,0.1094,0.1075,0.0012,0.0007,6.08e-06
115,500,0.1101,0.1081,0.0012,0.0007,6.07e-06
116,500,0.1102,0.1082,0.0012,0.0007,6.05e-06
117,500,0.1093,0.1074,0.0012,0.0007,6.04e-06
118,500,0.1092,0.1072,0.0012,0.0007,6.02e-06
119,500,0.1094,0.1075,0.0012,0.0007,6.01e-06
120,500,0.1087,0.1068,0.0012,0.0007,6e-06
121,500,0.1097,0.1078,0.0012,0.0007,5.98e-06
122,500,0.1085,0.1066,0.0012,0.0007,5.97e-06
123,500,0.1086,0.1066,0.0012,0.0007,5.95e-06
124,500,0.1093,0.1074,0.0012,0.0007,5.94e-06
125,500,0.1086,0.1067,0.0012,0.0007,5.92e-06
126,500,0.1076,0.1057,0.0012,0.0007,5.91e-06
127,500,0.1085,0.1066,0.0012,0.0007,5.89e-06
128,500,0.1074,0.1055,0.0012,0.0007,5.88e-06
129,500,0.1077,0.1058,0.0012,0.0007,5.86e-06
130,500,0.1073,0.1054,0.0012,0.0007,5.85e-06
131,500,0.1071,0.1052,0.0012,0.0007,5.83e-06
132,500,0.1081,0.1062,0.0012,0.0007,5.81e-06
133,500,0.1072,0.1054,0.0012,0.0007,5.8e-06
134,500,0.1069,0.105,0.0012,0.0007,5.78e-06
135,500,0.1072,0.1053,0.0012,0.0007,5.77e-06
136,500,0.108,0.1061,0.0012,0.0007,5.75e-06
137,500,0.107,0.1051,0.0012,0.0007,5.74e-06
138,500,0.1065,0.1046,0.0012,0.0007,5.72e-06
139,500,0.1062,0.1043,0.0012,0.0007,5.7e-06
140,500,0.1059,0.104,0.0012,0.0007,5.69e-06
141,500,0.1065,0.1046,0.0012,0.0007,5.67e-06
142,500,0.106,0.1041,0.0012,0.0007,5.65e-06
143,500,0.1064,0.1045,0.0012,0.0007,5.64e-06
144,500,0.1057,0.1038,0.0012,0.0007,5.62e-06
145,500,0.1056,0.1037,0.0012,0.0007,5.6e-06
146,500,0.1062,0.1044,0.0012,0.0007,5.59e-06
147,500,0.1055,0.1037,0.0012,0.0007,5.57e-06
148,500,0.1056,0.1037,0.0012,0.0007,5.55e-06
149,500,0.1051,0.1033,0.0012,0.0007,5.54e-06
150,500,0.1055,0.1037,0.0012,0.0007,5.52e-06
151,500,0.1058,0.1039,0.0012,0.0007,5.5e-06
152,500,0.1061,0.1043,0.0012,0.0007,5.48e-06
153,500,0.1053,0.1035,0.0012,0.0007,5.47e-06
154,500,0.1045,0.1027,0.0012,0.0007,5.45e-06
155,500,0.1061,0.1042,0.0011,0.0007,5.43e-06
156,500,0.1044,0.1026,0.0011,0.0007,5.41e-06
157,500,0.105,0.1032,0.0012,0.0007,5.4e-06
158,500,0.1041,0.1023,0.0012,0.0007,5.38e-06
159,500,0.1042,0.1023,0.0012,0.0007,5.36e-06
160,500,0.1044,0.1026,0.0012,0.0007,5.34e-06
161,500,0.1048,0.103,0.0012,0.0007,5.33e-06
162,500,0.1037,0.1018,0.0012,0.0007,5.31e-06
163,500,0.1037,0.1019,0.0011,0.0007,5.29e-06
164,500,0.1037,0.1019,0.0012,0.0007,5.27e-06
165,500,0.1039,0.1021,0.0012,0.0007,5.25e-06
166,500,0.1044,0.1026,0.0011,0.0007,5.23e-06
167,500,0.1035,0.1017,0.0011,0.0007,5.22e-06
168,500,0.1031,0.1013,0.0011,0.0007,5.2e-06
169,500,0.1032,0.1014,0.0011,0.0007,5.18e-06
170,500,0.1034,0.1016,0.0012,0.0007,5.16e-06
171,500,0.1034,0.1016,0.0011,0.0007,5.14e-06
172,500,0.1024,0.1006,0.0011,0.0007,5.12e-06
173,500,0.1031,0.1013,0.0011,0.0007,5.1e-06
174,500,0.1031,0.1013,0.0011,0.0007,5.09e-06
175,500,0.1037,0.102,0.0011,0.0007,5.07e-06
176,500,0.1032,0.1014,0.0011,0.0007,5.05e-06
177,500,0.1025,0.1007,0.0011,0.0007,5.03e-06
178,500,0.1025,0.1007,0.0011,0.0007,5.01e-06
179,500,0.1039,0.1022,0.0011,0.0007,4.99e-06
180,500,0.102,0.1002,0.0011,0.0007,4.97e-06
181,500,0.1032,0.1014,0.0011,0.0007,4.95e-06
182,500,0.1019,0.1001,0.0011,0.0007,4.93e-06
183,500,0.1029,0.1011,0.0011,0.0007,4.91e-06
184,500,0.1028,0.1011,0.0011,0.0007,4.89e-06
185,500,0.1025,0.1007,0.0011,0.0007,4.87e-06
186,500,0.1027,0.1009,0.0011,0.0007,4.85e-06
187,500,0.1018,0.1,0.0011,0.0007,4.83e-06
188,500,0.1028,0.101,0.0011,0.0007,4.81e-06
189,500,0.1012,0.0995,0.0011,0.0007,4.79e-06
190,500,0.1026,0.1008,0.0011,0.0007,4.77e-06
191,500,0.1016,0.0998,0.0011,0.0007,4.75e-06
192,500,0.1019,0.1001,0.0011,0.0007,4.73e-06
193,500,0.1022,0.1004,0.0011,0.0007,4.71e-06
194,500,0.102,0.1002,0.0011,0.0007,4.69e-06
195,500,0.1013,0.0995,0.0011,0.0007,4.67e-06
196,500,0.1008,0.099,0.0011,0.0007,4.65e-06
197,500,0.1005,0.0987,0.0011,0.0007,4.63e-06
198,500,0.1016,0.0998,0.0011,0.0007,4.61e-06
199,500,0.1009,0.0991,0.0011,0.0007,4.59e-06
200,500,0.1012,0.0994,0.0011,0.0007,4.57e-06
201,500,0.1013,0.0995,0.0011,0.0007,4.55e-06
202,500,0.1006,0.0988,0.0011,0.0007,4.53e-06
203,500,0.1015,0.0997,0.0011,0.0007,4.51e-06
204,500,0.1012,0.0994,0.0011,0.0007,4.49e-06
205,500,0.1015,0.0997,0.0011,0.0007,4.47e-06
206,500,0.1011,0.0994,0.0011,0.0007,4.45e-06
207,500,0.1008,0.0991,0.0011,0.0007,4.43e-06
208,500,0.1013,0.0995,0.0011,0.0007,4.41e-06
209,500,0.0999,0.0981,0.0011,0.0007,4.39e-06
210,500,0.1008,0.099,0.0011,0.0007,4.37e-06
211,500,0.1007,0.099,0.0011,0.0007,4.35e-06
212,500,0.1002,0.0985,0.0011,0.0007,4.33e-06
213,500,0.101,0.0993,0.0011,0.0007,4.31e-06
214,500,0.1006,0.0988,0.0011,0.0007,4.28e-06
215,500,0.1006,0.0989,0.0011,0.0007,4.26e-06
216,500,0.1008,0.099,0.0011,0.0007,4.24e-06
217,500,0.0998,0.0981,0.0011,0.0007,4.22e-06
218,500,0.1,0.0982,0.0011,0.0007,4.2e-06
219,500,0.1008,0.0991,0.0011,0.0007,4.18e-06
220,500,0.1006,0.0989,0.0011,0.0007,4.16e-06
221,500,0.099,0.0973,0.0011,0.0007,4.14e-06
222,500,0.1002,0.0984,0.0011,0.0007,4.12e-06
223,500,0.1,0.0983,0.0011,0.0007,4.1e-06
224,500,0.0992,0.0975,0.0011,0.0007,4.07e-06
225,500,0.1,0.0983,0.0011,0.0007,4.05e-06
226,500,0.1006,0.0989,0.0011,0.0007,4.03e-06
227,500,0.0998,0.098,0.0011,0.0007,4.01e-06
228,500,0.0995,0.0978,0.0011,0.0007,3.99e-06
229,500,0.0995,0.0978,0.0011,0.0007,3.97e-06
230,500,0.1004,0.0987,0.0011,0.0007,3.95e-06
231,500,0.0991,0.0973,0.0011,0.0007,3.93e-06
232,500,0.0998,0.0981,0.0011,0.0007,3.9e-06
233,500,0.0989,0.0972,0.0011,0.0007,3.88e-06
234,500,0.1,0.0982,0.0011,0.0007,3.86e-06
235,500,0.0992,0.0975,0.0011,0.0007,3.84e-06
236,500,0.0994,0.0977,0.001,0.0007,3.82e-06
237,500,0.0993,0.0976,0.0011,0.0007,3.8e-06
238,500,0.0992,0.0975,0.0011,0.0007,3.78e-06
239,500,0.1,0.0983,0.0011,0.0007,3.75e-06
240,500,0.0991,0.0974,0.0011,0.0007,3.73e-06
241,500,0.0994,0.0977,0.0011,0.0007,3.71e-06
242,500,0.0986,0.0969,0.001,0.0007,3.69e-06
243,500,0.0985,0.0968,0.001,0.0007,3.67e-06
244,500,0.0986,0.0969,0.0011,0.0007,3.65e-06
245,500,0.0994,0.0977,0.001,0.0007,3.63e-06
246,500,0.0995,0.0978,0.001,0.0007,3.6e-06
247,500,0.0994,0.0977,0.001,0.0007,3.58e-06
248,500,0.0988,0.0971,0.001,0.0007,3.56e-06
249,500,0.0983,0.0966,0.001,0.0007,3.54e-06
250,500,0.0987,0.097,0.001,0.0007,3.52e-06
251,500,0.0985,0.0968,0.001,0.0007,3.5e-06
252,500,0.0982,0.0965,0.001,0.0007,3.48e-06
253,500,0.0982,0.0965,0.001,0.0007,3.45e-06
254,500,0.0987,0.097,0.001,0.0007,3.43e-06
255,500,0.099,0.0973,0.001,0.0007,3.41e-06
256,500,0.0978,0.0961,0.001,0.0007,3.39e-06
257,500,0.0975,0.0958,0.001,0.0007,3.37e-06
258,500,0.0982,0.0965,0.001,0.0007,3.35e-06
259,500,0.0979,0.0962,0.001,0.0007,3.32e-06
260,500,0.0977,0.096,0.001,0.0007,3.3e-06
261,500,0.0985,0.0969,0.001,0.0007,3.28e-06
262,500,0.0988,0.0971,0.001,0.0007,3.26e-06
263,500,0.0986,0.0969,0.001,0.0007,3.24e-06
264,500,0.098,0.0964,0.001,0.0007,3.22e-06
265,500,0.0984,0.0967,0.001,0.0007,3.2e-06
266,500,0.0987,0.097,0.001,0.0007,3.17e-06
267,500,0.0974,0.0958,0.001,0.0007,3.15e-06
268,500,0.098,0.0964,0.001,0.0007,3.13e-06
269,500,0.0981,0.0964,0.001,0.0006,3.11e-06
270,500,0.098,0.0963,0.001,0.0006,3.09e-06
271,500,0.0976,0.0959,0.001,0.0006,3.07e-06
272,500,0.0979,0.0962,0.001,0.0007,3.05e-06
273,500,0.0977,0.096,0.001,0.0006,3.03e-06
274,500,0.0971,0.0954,0.001,0.0006,3e-06
275,500,0.0981,0.0964,0.001,0.0006,2.98e-06
276,500,0.0976,0.0959,0.001,0.0006,2.96e-06
277,500,0.0977,0.096,0.001,0.0006,2.94e-06
278,500,0.098,0.0963,0.001,0.0006,2.92e-06
279,500,0.0968,0.0951,0.001,0.0006,2.9e-06
280,500,0.097,0.0953,0.001,0.0006,2.88e-06
281,500,0.0978,0.0961,0.001,0.0006,2.86e-06
282,500,0.0973,0.0957,0.001,0.0006,2.83e-06
283,500,0.0975,0.0958,0.001,0.0006,2.81e-06
284,500,0.0975,0.0959,0.001,0.0006,2.79e-06
285,500,0.0968,0.0952,0.001,0.0006,2.77e-06
286,500,0.097,0.0953,0.001,0.0006,2.75e-06
287,500,0.0963,0.0947,0.001,0.0006,2.73e-06
288,500,0.0973,0.0957,0.001,0.0006,2.71e-06
289,500,0.0965,0.0949,0.001,0.0006,2.69e-06
290,500,0.0968,0.0951,0.001,0.0006,2.67e-06
291,500,0.0978,0.0962,0.001,0.0006,2.65e-06
292,500,0.0968,0.0951,0.001,0.0006,2.63e-06
293,500,0.0966,0.095,0.001,0.0006,2.6e-06
294,500,0.0973,0.0956,0.001,0.0006,2.58e-06
295,500,0.0964,0.0947,0.001,0.0006,2.56e-06
296,500,0.0962,0.0946,0.001,0.0006,2.54e-06
297,500,0.0967,0.0951,0.001,0.0006,2.52e-06
298,500,0.0972,0.0955,0.001,0.0006,2.5e-06
299,500,0.0971,0.0954,0.001,0.0006,2.48e-06
300,500,0.0963,0.0946,0.001,0.0006,2.46e-06
301,500,0.097,0.0954,0.001,0.0006,2.44e-06
302,500,0.0971,0.0955,0.001,0.0006,2.42e-06
303,500,0.0964,0.0948,0.001,0.0006,2.4e-06
304,500,0.097,0.0953,0.001,0.0006,2.38e-06
305,500,0.0964,0.0948,0.001,0.0006,2.36e-06
306,500,0.0965,0.0949,0.001,0.0006,2.34e-06
307,500,0.0965,0.0949,0.001,0.0006,2.32e-06
308,500,0.0964,0.0948,0.001,0.0006,2.3e-06
309,500,0.0968,0.0952,0.001,0.0006,2.28e-06
310,500,0.0967,0.0951,0.001,0.0006,2.26e-06
311,500,0.0963,0.0947,0.001,0.0006,2.24e-06
312,500,0.0965,0.0949,0.001,0.0006,2.22e-06
313,500,0.0966,0.095,0.001,0.0006,2.2e-06
314,500,0.0955,0.0938,0.001,0.0006,2.18e-06
315,500,0.0963,0.0947,0.001,0.0006,2.16e-06
316,500,0.0968,0.0952,0.001,0.0006,2.14e-06
317,500,0.0971,0.0955,0.001,0.0006,2.12e-06
318,500,0.0966,0.0949,0.001,0.0006,2.1e-06
319,500,0.0966,0.0949,0.001,0.0006,2.08e-06
320,500,0.0962,0.0946,0.001,0.0006,2.06e-06
321,500,0.097,0.0954,0.001,0.0006,2.04e-06
322,500,0.0961,0.0945,0.001,0.0006,2.02e-06
323,500,0.0955,0.0939,0.001,0.0006,2e-06
324,500,0.0955,0.0939,0.001,0.0006,1.98e-06
325,500,0.0957,0.0941,0.001,0.0006,1.96e-06
326,500,0.0963,0.0947,0.001,0.0006,1.94e-06
327,500,0.096,0.0944,0.001,0.0006,1.92e-06
328,500,0.0955,0.0939,0.001,0.0006,1.91e-06
329,500,0.096,0.0944,0.001,0.0006,1.89e-06
330,500,0.0963,0.0947,0.001,0.0006,1.87e-06
331,500,0.0963,0.0947,0.001,0.0006,1.85e-06
332,500,0.096,0.0944,0.001,0.0006,1.83e-06
333,500,0.0955,0.0939,0.001,0.0006,1.81e-06
334,500,0.0958,0.0942,0.001,0.0006,1.79e-06
335,500,0.0963,0.0947,0.001,0.0006,1.77e-06
336,500,0.096,0.0944,0.001,0.0006,1.76e-06
337,500,0.0968,0.0952,0.001,0.0006,1.74e-06
338,500,0.0961,0.0945,0.001,0.0006,1.72e-06
339,500,0.0955,0.0939,0.001,0.0006,1.7e-06
340,500,0.0962,0.0946,0.001,0.0006,1.68e-06
341,500,0.0964,0.0948,0.001,0.0006,1.66e-06
342,500,0.0959,0.0943,0.001,0.0006,1.65e-06
343,500,0.096,0.0944,0.001,0.0006,1.63e-06
344,500,0.0962,0.0946,0.001,0.0006,1.61e-06
345,500,0.0959,0.0943,0.001,0.0006,1.59e-06
346,500,0.0958,0.0942,0.001,0.0006,1.57e-06
347,500,0.0963,0.0947,0.001,0.0006,1.56e-06
348,500,0.0954,0.0938,0.001,0.0006,1.54e-06
349,500,0.0959,0.0943,0.001,0.0006,1.52e-06
350,500,0.0959,0.0944,0.001,0.0006,1.5e-06
351,500,0.0953,0.0937,0.001,0.0006,1.49e-06
352,500,0.0954,0.0938,0.001,0.0006,1.47e-06
353,500,0.0955,0.0939,0.001,0.0006,1.45e-06
354,500,0.0951,0.0936,0.001,0.0006,1.44e-06
355,500,0.0956,0.094,0.001,0.0006,1.42e-06
356,500,0.0953,0.0937,0.001,0.0006,1.4e-06
357,500,0.0957,0.0941,0.001,0.0006,1.38e-06
358,500,0.0965,0.095,0.001,0.0006,1.37e-06
359,500,0.0958,0.0942,0.001,0.0006,1.35e-06
360,500,0.0954,0.0938,0.001,0.0006,1.33e-06
361,500,0.0956,0.094,0.001,0.0006,1.32e-06
362,500,0.0953,0.0938,0.001,0.0006,1.3e-06
363,500,0.095,0.0935,0.001,0.0006,1.28e-06
364,500,0.0958,0.0943,0.001,0.0006,1.27e-06
365,500,0.0956,0.094,0.001,0.0006,1.25e-06
366,500,0.0949,0.0933,0.001,0.0006,1.24e-06
367,500,0.0951,0.0935,0.001,0.0006,1.22e-06
368,500,0.0961,0.0945,0.001,0.0006,1.2e-06
369,500,0.095,0.0934,0.001,0.0006,1.19e-06
370,500,0.0953,0.0937,0.0009,0.0006,1.17e-06
371,500,0.095,0.0935,0.001,0.0006,1.16e-06
372,500,0.0949,0.0933,0.001,0.0006,1.14e-06
373,500,0.0953,0.0937,0.001,0.0006,1.13e-06
374,500,0.0949,0.0934,0.0009,0.0006,1.11e-06
375,500,0.0952,0.0936,0.001,0.0006,1.1e-06
376,500,0.0957,0.0942,0.0009,0.0006,1.08e-06
377,500,0.0953,0.0937,0.0009,0.0006,1.07e-06
378,500,0.0957,0.0941,0.0009,0.0006,1.05e-06
379,500,0.0949,0.0933,0.0009,0.0006,1.04e-06
380,500,0.0955,0.0939,0.0009,0.0006,1.02e-06
381,500,0.095,0.0935,0.0009,0.0006,1.01e-06
382,500,0.096,0.0945,0.0009,0.0006,9.9e-07
383,500,0.0951,0.0935,0.0009,0.0006,9.8e-07
384,500,0.0953,0.0937,0.0009,0.0006,9.6e-07
385,500,0.0955,0.094,0.0009,0.0006,9.5e-07
386,500,0.0951,0.0936,0.0009,0.0006,9.3e-07
387,500,0.0949,0.0933,0.0009,0.0006,9.2e-07
388,500,0.0942,0.0927,0.0009,0.0006,9.1e-07
389,500,0.0944,0.0929,0.0009,0.0006,8.9e-07
390,500,0.0951,0.0936,0.0009,0.0006,8.8e-07
391,500,0.0953,0.0938,0.0009,0.0006,8.6e-07
392,500,0.0956,0.0941,0.0009,0.0006,8.5e-07
393,500,0.0944,0.0928,0.0009,0.0006,8.4e-07
394,500,0.0957,0.0942,0.0009,0.0006,8.2e-07
395,500,0.0948,0.0933,0.0009,0.0006,8.1e-07
396,500,0.0947,0.0931,0.0009,0.0006,8e-07
397,500,0.0953,0.0937,0.0009,0.0006,7.9e-07
398,500,0.0941,0.0925,0.0009,0.0006,7.7e-07
399,500,0.0946,0.093,0.0009,0.0006,7.6e-07
400,500,0.0952,0.0936,0.0009,0.0006,7.5e-07
401,500,0.0957,0.0942,0.0009,0.0006,7.3e-07
402,500,0.0948,0.0933,0.0009,0.0006,7.2e-07
403,500,0.0948,0.0932,0.0009,0.0006,7.1e-07
404,500,0.0948,0.0932,0.0009,0.0006,7e-07
405,500,0.0954,0.0938,0.0009,0.0006,6.8e-07
406,500,0.0947,0.0932,0.0009,0.0006,6.7e-07
407,500,0.0953,0.0937,0.0009,0.0006,6.6e-07
408,500,0.0944,0.0929,0.0009,0.0006,6.5e-07
409,500,0.0952,0.0937,0.0009,0.0006,6.4e-07
410,500,0.0954,0.0938,0.0009,0.0006,6.3e-07
411,500,0.095,0.0935,0.0009,0.0006,6.1e-07
412,500,0.0948,0.0932,0.0009,0.0006,6e-07
413,500,0.0944,0.0928,0.0009,0.0006,5.9e-07
414,500,0.0953,0.0938,0.0009,0.0006,5.8e-07
415,500,0.0947,0.0932,0.0009,0.0006,5.7e-07
416,500,0.0947,0.0931,0.0009,0.0006,5.6e-07
417,500,0.0936,0.092,0.0009,0.0006,5.5e-07
418,500,0.0955,0.094,0.0009,0.0006,5.4e-07
419,500,0.0946,0.093,0.0009,0.0006,5.3e-07
420,500,0.0947,0.0931,0.0009,0.0006,5.2e-07
421,500,0.0947,0.0932,0.0009,0.0006,5.1e-07
422,500,0.0954,0.0938,0.0009,0.0006,5e-07
423,500,0.0948,0.0933,0.0009,0.0006,4.9e-07
424,500,0.0944,0.0928,0.0009,0.0006,4.8e-07
425,500,0.0947,0.0931,0.0009,0.0006,4.7e-07
426,500,0.0944,0.0928,0.0009,0.0006,4.6e-07
427,500,0.0949,0.0933,0.0009,0.0006,4.5e-07
428,500,0.0947,0.0932,0.0009,0.0006,4.4e-07
429,500,0.0944,0.0929,0.0009,0.0006,4.3e-07
430,500,0.0946,0.093,0.0009,0.0006,4.2e-07
431,500,0.0955,0.0939,0.0009,0.0006,4.1e-07
432,500,0.0953,0.0938,0.0009,0.0006,4e-07
433,500,0.0953,0.0937,0.0009,0.0006,3.9e-07
434,500,0.0932,0.0916,0.0009,0.0006,3.8e-07
435,500,0.0941,0.0925,0.0009,0.0006,3.8e-07
436,500,0.0941,0.0926,0.0009,0.0006,3.7e-07
437,500,0.0949,0.0933,0.0009,0.0006,3.6e-07
438,500,0.0958,0.0942,0.0009,0.0006,3.5e-07
439,500,0.0943,0.0928,0.0009,0.0006,3.4e-07
440,500,0.0947,0.0931,0.0009,0.0006,3.3e-07
441,500,0.0944,0.0929,0.0009,0.0006,3.3e-07
442,500,0.0948,0.0933,0.0009,0.0006,3.2e-07
443,500,0.095,0.0934,0.0009,0.0006,3.1e-07
444,500,0.0944,0.0929,0.0009,0.0006,3e-07
445,500,0.0951,0.0936,0.0009,0.0006,3e-07
446,500,0.0951,0.0935,0.0009,0.0006,2.9e-07
447,500,0.0943,0.0927,0.0009,0.0006,2.8e-07
448,500,0.0947,0.0932,0.0009,0.0006,2.8e-07
449,500,0.0954,0.0939,0.0009,0.0006,2.7e-07
450,500,0.0947,0.0931,0.0009,0.0006,2.6e-07
451,500,0.0946,0.093,0.0009,0.0006,2.6e-07
452,500,0.0945,0.093,0.0009,0.0006,2.5e-07
453,500,0.095,0.0935,0.0009,0.0006,2.4e-07
454,500,0.0947,0.0932,0.0009,0.0006,2.4e-07
455,500,0.095,0.0934,0.0009,0.0006,2.3e-07
456,500,0.094,0.0924,0.0009,0.0006,2.3e-07
457,500,0.0945,0.093,0.0009,0.0006,2.2e-07
458,500,0.0947,0.0931,0.0009,0.0006,2.1e-07
459,500,0.0945,0.093,0.0009,0.0006,2.1e-07
460,500,0.0945,0.0929,0.0009,0.0006,2e-07
461,500,0.0938,0.0923,0.0009,0.0006,2e-07
462,500,0.0949,0.0934,0.0009,0.0006,1.9e-07
463,500,0.0945,0.093,0.0009,0.0006,1.9e-07
464,500,0.0936,0.0921,0.0009,0.0006,1.8e-07
465,500,0.0948,0.0932,0.0009,0.0006,1.8e-07
466,500,0.0953,0.0937,0.0009,0.0006,1.7e-07
467,500,0.0948,0.0933,0.0009,0.0006,1.7e-07
468,500,0.0948,0.0933,0.0009,0.0006,1.7e-07
469,500,0.0945,0.093,0.0009,0.0006,1.6e-07
470,500,0.094,0.0925,0.0009,0.0006,1.6e-07
471,500,0.0948,0.0933,0.0009,0.0006,1.5e-07
472,500,0.0944,0.0929,0.0009,0.0006,1.5e-07
473,500,0.0947,0.0932,0.0009,0.0006,1.5e-07
474,500,0.0947,0.0932,0.0009,0.0006,1.4e-07
475,500,0.0951,0.0935,0.0009,0.0006,1.4e-07
476,500,0.0942,0.0926,0.0009,0.0006,1.4e-07
477,500,0.0949,0.0934,0.0009,0.0006,1.3e-07
478,500,0.0941,0.0926,0.0009,0.0006,1.3e-07
479,500,0.0948,0.0933,0.0009,0.0006,1.3e-07
480,500,0.0952,0.0937,0.0009,0.0006,1.2e-07
481,500,0.0949,0.0934,0.0009,0.0006,1.2e-07
482,500,0.0941,0.0925,0.0009,0.0006,1.2e-07
483,500,0.0946,0.093,0.0009,0.0006,1.2e-07
484,500,0.0956,0.094,0.0009,0.0006,1.2e-07
485,500,0.0949,0.0934,0.0009,0.0006,1.1e-07
486,500,0.0947,0.0931,0.0009,0.0006,1.1e-07
487,500,0.0951,0.0936,0.0009,0.0006,1.1e-07
488,500,0.094,0.0925,0.0009,0.0006,1.1e-07
489,500,0.0951,0.0936,0.0009,0.0006,1.1e-07
490,500,0.0943,0.0928,0.0009,0.0006,1.1e-07
491,500,0.0956,0.0941,0.0009,0.0006,1e-07
492,500,0.0951,0.0935,0.0009,0.0006,1e-07
493,500,0.0946,0.0931,0.0009,0.0006,1e-07
494,500,0.094,0.0924,0.0009,0.0006,1e-07
495,500,0.0953,0.0938,0.0009,0.0006,1e-07
496,500,0.094,0.0924,0.0009,0.0006,1e-07
497,500,0.0942,0.0927,0.0009,0.0006,1e-07
498,500,0.0944,0.0928,0.0009,0.0006,1e-07
499,500,0.095,0.0934,0.0009,0.0006,1e-07
